name,sex,age,percent
Alabama,Male,0-4,2.949170316451792
Alabama,Male,5-9,3.332079040980404
Alabama,Male,10-14,3.2076367898340634
Alabama,Male,15-19,3.5503875968992245
Alabama,Male,20-24,3.3283572882610573
Alabama,Male,25-29,3.356424649929061
Alabama,Male,30-34,3.0474369255443836
Alabama,Male,35-39,2.9739477309645714
Alabama,Male,40-44,3.013571032015298
Alabama,Male,45-49,3.08697797791623
Alabama,Male,50-54,3.349042830999527
Alabama,Male,55-59,3.341763822918594
Alabama,Male,60-64,2.9428988546871464
Alabama,Male,65-69,2.5666317109781422
Alabama,Male,70-74,1.8312257109370182
Alabama,Male,75-79,1.2008101494869738
Alabama,Male,80-84,0.7737750087389221
Alabama,Male,85+,0.5934036559537763
Alabama,Female,0-4,2.9448316986408405
Alabama,Female,5-9,3.0995209014455205
Alabama,Female,10-14,2.996936236711698
Alabama,Female,15-19,3.352065469948389
Alabama,Female,20-24,3.369193757325273
Alabama,Female,25-29,3.372134147595254
Alabama,Female,30-34,3.169226656796825
Alabama,Female,35-39,3.188164415109082
Alabama,Female,40-44,3.1260255382147926
Alabama,Female,45-49,3.3640326527255153
Alabama,Female,50-54,3.4753562395904014
Alabama,Female,55-59,3.6677358994921145
Alabama,Female,60-64,3.2753274525527933
Alabama,Female,65-69,2.9605823206464743
Alabama,Female,70-74,2.216725268850369
Alabama,Female,75-79,1.6104702568214997
Alabama,Female,80-84,1.1831883700368064
Alabama,Female,85+,1.1829416240001644
Alaska,Male,0-4,3.6611699245444767
Alaska,Male,5-9,3.5565727718515046
Alaska,Male,10-14,4.008793709074342
Alaska,Male,15-19,3.6032101620986285
Alaska,Male,20-24,4.475302401690808
Alaska,Male,25-29,4.436752420157058
Alaska,Male,30-34,4.062170606582612
Alaska,Male,35-39,3.4161214405292397
Alaska,Male,40-44,2.8806001935586485
Alaska,Male,45-49,3.142227865436302
Alaska,Male,50-54,3.545924350378895
Alaska,Male,55-59,3.862950771943162
Alaska,Male,60-64,2.9070190620223375
Alaska,Male,65-69,2.341843983102707
Alaska,Male,70-74,1.3262002388481373
Alaska,Male,75-79,0.7839394846164006
Alaska,Male,80-84,0.3430409195922868
Alaska,Male,85+,0.29155108411713804
Alaska,Female,0-4,3.4146387489317878
Alaska,Female,5-9,3.6764012109546647
Alaska,Female,10-14,2.8746694271688407
Alaska,Female,15-19,2.978457838990476
Alaska,Female,20-24,3.1929089600401133
Alaska,Female,25-29,4.195343270062839
Alaska,Female,30-34,3.7001242765138955
Alaska,Female,35-39,3.228223978088514
Alaska,Female,40-44,2.9260244724987667
Alaska,Female,45-49,2.7991869458440153
Alaska,Female,50-54,3.064858322078356
Alaska,Female,55-59,3.4266350718566265
Alaska,Female,60-64,2.7423055045599507
Alaska,Female,65-69,1.9160419143435585
Alaska,Female,70-74,1.4380760593831465
Alaska,Female,75-79,0.7110180160508105
Alaska,Female,80-84,0.4484468131565965
Alaska,Female,85+,0.6212477793323574
Arizona,Male,0-4,3.214784554941076
Arizona,Male,5-9,3.4203949144367445
Arizona,Male,10-14,3.320958622412034
Arizona,Male,15-19,3.5097894683231496
Arizona,Male,20-24,3.575839866594932
Arizona,Male,25-29,3.610437694261103
Arizona,Male,30-34,3.3262824749594975
Arizona,Male,35-39,3.2241337594146704
Arizona,Male,40-44,2.9533242409434273
Arizona,Male,45-49,3.0552132563639876
Arizona,Male,50-54,3.0122184580131988
Arizona,Male,55-59,2.840311403533451
Arizona,Male,60-64,2.848910363203609
Arizona,Male,65-69,2.633965227019028
Arizona,Male,70-74,2.013094368821211
Arizona,Male,75-79,1.4600485264109977
Arizona,Male,80-84,0.9461452638416199
Arizona,Male,85+,0.7267275144057823
Arizona,Female,0-4,3.080375312848476
Arizona,Female,5-9,3.214827838295121
Arizona,Female,10-14,3.251633117017558
Arizona,Female,15-19,3.3435958165772646
Arizona,Female,20-24,3.318967588125991
Arizona,Female,25-29,3.3320247332627235
Arizona,Female,30-34,3.1416933977447354
Arizona,Female,35-39,3.1376536180339225
Arizona,Female,40-44,2.938622328353006
Arizona,Female,45-49,3.052630682906004
Arizona,Female,50-54,3.0932448967843498
Arizona,Female,55-59,3.1428476205192535
Arizona,Female,60-64,3.161286329342175
Arizona,Female,65-69,3.012550297060873
Arizona,Female,70-74,2.214419676266482
Arizona,Female,75-79,1.6393281788629779
Arizona,Female,80-84,1.1099294755456985
Arizona,Female,85+,1.1217891145538692
Arkansas,Male,0-4,3.3505251237514426
Arkansas,Male,5-9,3.4328141439398605
Arkansas,Male,10-14,3.3829521512270735
Arkansas,Male,15-19,3.639791610334885
Arkansas,Male,20-24,3.4328141439398605
Arkansas,Male,25-29,3.198897815710075
Arkansas,Male,30-34,3.1188509119725003
Arkansas,Male,35-39,3.072636541545414
Arkansas,Male,40-44,2.9866664346466556
Arkansas,Male,45-49,3.089034109618747
Arkansas,Male,50-54,3.127217018132364
Arkansas,Male,55-59,3.1163076156999017
Arkansas,Male,60-64,2.98827272702935
Arkansas,Male,65-69,2.6329474662076238
Arkansas,Male,70-74,1.8069116084073342
Arkansas,Male,75-79,1.2805831376779973
Arkansas,Male,80-84,0.8974154755562456
Arkansas,Male,85+,0.5973065153896195
Arkansas,Female,0-4,2.9647472365078134
Arkansas,Female,5-9,3.3032733561605325
Arkansas,Female,10-14,3.22068315615036
Arkansas,Female,15-19,3.5567663728043994
Arkansas,Female,20-24,3.1064356104312627
Arkansas,Female,25-29,3.315019369208981
Arkansas,Female,30-34,3.169984552821586
Arkansas,Female,35-39,3.128555595117942
Arkansas,Female,40-44,3.0255186316530622
Arkansas,Female,45-49,3.1372563455242
Arkansas,Female,50-54,3.330680719940246
Arkansas,Female,55-59,3.4130366689779432
Arkansas,Female,60-64,3.1399334994953563
Arkansas,Female,65-69,2.912275018673149
Arkansas,Female,70-74,2.1614002586130736
Arkansas,Female,75-79,1.5717905608905285
Arkansas,Female,80-84,1.1172767454374604
Arkansas,Female,85+,1.2734217508051542
California,Male,0-4,3.2313591099845893
California,Male,5-9,3.276380746535728
California,Male,10-14,3.3210253131864884
California,Male,15-19,3.358984532414343
California,Male,20-24,3.7073487127406852
California,Male,25-29,4.016581699824487
California,Male,30-34,3.7029003070240707
California,Male,35-39,3.3937972561897234
California,Male,40-44,3.2188852300369706
California,Male,45-49,3.319432957188273
California,Male,50-54,3.2784342488310263
California,Male,55-59,3.1001311413444737
California,Male,60-64,2.690966987351878
California,Male,65-69,2.1830309016171894
California,Male,70-74,1.485640120869247
California,Male,75-79,1.0260989186323155
California,Male,80-84,0.6976761309428222
California,Male,85+,0.6504914380037083
California,Female,0-4,3.0932801888977526
California,Female,5-9,3.1561922635600386
California,Female,10-14,3.1663451254046593
California,Female,15-19,3.227392232721835
California,Female,20-24,3.4445462787952423
California,Female,25-29,3.7826607820322726
California,Female,30-34,3.535211207679222
California,Female,35-39,3.365825293782675
California,Female,40-44,3.188533650826189
California,Female,45-49,3.331325945667743
California,Female,50-54,3.314676271350405
California,Female,55-59,3.2216852288242324
California,Female,60-64,2.9295070114237145
California,Female,65-69,2.451382377745212
California,Female,70-74,1.7577495571530581
California,Female,75-79,1.2545446795602662
California,Female,80-84,0.942340993126194
California,Female,85+,1.177635158731269
Colorado,Male,0-4,3.089389220735505
Colorado,Male,5-9,3.3662753393393614
Colorado,Male,10-14,3.2813378467280745
Colorado,Male,15-19,3.3248895189913625
Colorado,Male,20-24,3.7010077528474183
Colorado,Male,25-29,3.9874597174104713
Colorado,Male,30-34,3.886440774328157
Colorado,Male,35-39,3.6832658159080016
Colorado,Male,40-44,3.220116432589213
Colorado,Male,45-49,3.2828719918347384
Colorado,Male,50-54,3.248073971062414
Colorado,Male,55-59,3.2760315095356143
Colorado,Male,60-64,2.8886869432519724
Colorado,Male,65-69,2.4900077519449804
Colorado,Male,70-74,1.4931383104008722
Colorado,Male,75-79,1.0519362264903542
Colorado,Male,80-84,0.6057887807065911
Colorado,Male,85+,0.4919913113240665
Colorado,Female,0-4,2.95822883849874
Colorado,Female,5-9,3.1514769756404832
Colorado,Female,10-14,3.103972623631791
Colorado,Female,15-19,3.076231670350119
Colorado,Female,20-24,3.3454290146546954
Colorado,Female,25-29,3.66297900296812
Colorado,Female,30-34,3.580044923378476
Colorado,Female,35-39,3.3670875338075943
Colorado,Female,40-44,3.1879354828811968
Colorado,Female,45-49,3.218203263397373
Colorado,Female,50-54,3.2443378765085384
Colorado,Female,55-59,3.435510405564796
Colorado,Female,60-64,3.0214717144252052
Colorado,Female,65-69,2.5819481657490373
Colorado,Female,70-74,1.7412907935952147
Colorado,Female,75-79,1.1595068716164205
Colorado,Female,80-84,0.8395563974302167
Colorado,Female,85+,0.9560792304728146
Connecticut,Male,0-4,2.6352653411817073
Connecticut,Male,5-9,2.9078539289776573
Connecticut,Male,10-14,3.160143069164636
Connecticut,Male,15-19,3.5990417318616323
Connecticut,Male,20-24,3.6262474653651164
Connecticut,Male,25-29,3.1188731178273885
Connecticut,Male,30-34,3.02568019925893
Connecticut,Male,35-39,2.8329193289886176
Connecticut,Male,40-44,3.0041504820979004
Connecticut,Male,45-49,3.381367903162128
Connecticut,Male,50-54,3.722544018485359
Connecticut,Male,55-59,3.6309728188718875
Connecticut,Male,60-64,3.192745212294196
Connecticut,Male,65-69,2.5023682688877136
Connecticut,Male,70-74,1.7130664692270439
Connecticut,Male,75-79,1.1493234076677108
Connecticut,Male,80-84,0.7967393383162978
Connecticut,Male,85+,0.79634788891337
Connecticut,Female,0-4,2.538269771270522
Connecticut,Female,5-9,2.7091094749768763
Connecticut,Female,10-14,3.1033269843968267
Connecticut,Female,15-19,3.3719731174918604
Connecticut,Female,20-24,3.3491851701071345
Connecticut,Female,25-29,2.950661717254978
Connecticut,Female,30-34,3.112302359992529
Connecticut,Female,35-39,2.909168080544629
Connecticut,Female,40-44,3.1228435331999425
Connecticut,Female,45-49,3.602620697831258
Connecticut,Female,50-54,3.9652426483006065
Connecticut,Female,55-59,3.791467074072293
Connecticut,Female,60-64,3.5127830598593244
Connecticut,Female,65-69,2.814661010409199
Connecticut,Female,70-74,2.0189562169434963
Connecticut,Female,75-79,1.4205698832250508
Connecticut,Female,80-84,1.2275853275816369
Connecticut,Female,85+,1.6836238819925446
Delaware,Male,0-4,2.980468770514618
Delaware,Male,5-9,2.7469763093906403
Delaware,Male,10-14,3.2906366687148463
Delaware,Male,15-19,3.22309926318056
Delaware,Male,20-24,3.1596582166133613
Delaware,Male,25-29,3.535262823441677
Delaware,Male,30-34,3.16123373929301
Delaware,Male,35-39,2.5928901913209708
Delaware,Male,40-44,3.094221507985274
Delaware,Male,45-49,3.002526088029704
Delaware,Male,50-54,3.3206766344734864
Delaware,Male,55-59,3.596918277638607
Delaware,Male,60-64,2.87070735716574
Delaware,Male,65-69,2.9257456161081437
Delaware,Male,70-74,1.9214024252545783
Delaware,Male,75-79,1.4111431467389306
Delaware,Male,80-84,0.7740017750888857
Delaware,Male,85+,0.7328281157273926
Delaware,Female,0-4,2.8217611192513115
Delaware,Female,5-9,3.0001102865875753
Delaware,Female,10-14,2.9353037870313474
Delaware,Female,15-19,3.1665905164038173
Delaware,Female,20-24,3.08487340675269
Delaware,Female,25-29,3.511524948401632
Delaware,Female,30-34,3.2962035155162726
Delaware,Female,35-39,2.756849584849774
Delaware,Female,40-44,3.1117623271520327
Delaware,Female,45-49,3.2797130448026133
Delaware,Female,50-54,3.6170849679381134
Delaware,Female,55-59,3.735984412828956
Delaware,Female,60-64,3.600384427533834
Delaware,Female,65-69,3.3507166002321274
Delaware,Female,70-74,2.336079994538188
Delaware,Female,75-79,1.7957807502638998
Delaware,Female,80-84,1.0811236627751257
Delaware,Female,85+,1.1777557204602627
District of Columbia,Male,0-4,3.2541069042970183
District of Columbia,Male,5-9,2.688609304578886
District of Columbia,Male,10-14,1.831848143635216
District of Columbia,Male,15-19,2.54327113642703
District of Columbia,Male,20-24,3.902109605531659
District of Columbia,Male,25-29,5.423168959290632
District of Columbia,Male,30-34,5.303228269007737
District of Columbia,Male,35-39,4.200566672049562
District of Columbia,Male,40-44,2.993966263928241
District of Columbia,Male,45-49,2.9170397991690766
District of Columbia,Male,50-54,2.82381784282925
District of Columbia,Male,55-59,2.6548438715739096
District of Columbia,Male,60-64,2.202240263076765
District of Columbia,Male,65-69,1.743617599130907
District of Columbia,Male,70-74,1.2659101252257146
District of Columbia,Male,75-79,0.7751368968099006
District of Columbia,Male,80-84,0.5544871324339005
District of Columbia,Male,85+,0.4272061306281838
District of Columbia,Female,0-4,3.1387172071582716
District of Columbia,Female,5-9,2.4068881483330156
District of Columbia,Female,10-14,2.1135692998810867
District of Columbia,Female,15-19,2.9753218726602757
District of Columbia,Female,20-24,4.655372374003552
District of Columbia,Female,25-29,6.16644890409149
District of Columbia,Female,30-34,5.81249908246106
District of Columbia,Female,35-39,4.074166507626583
District of Columbia,Female,40-44,3.252051617070628
District of Columbia,Female,45-49,2.8367367911094146
District of Columbia,Female,50-54,2.8153030814627775
District of Columbia,Female,55-59,2.532701087834168
District of Columbia,Female,60-64,2.8694745805011963
District of Columbia,Female,65-69,2.2562649558847276
District of Columbia,Female,70-74,1.511810561240219
District of Columbia,Female,75-79,1.1701924629681284
District of Columbia,Female,80-84,0.8162426413376984
District of Columbia,Female,85+,1.0910639047521176
Florida,Male,0-4,2.771030638344157
Florida,Male,5-9,2.834448655008755
Florida,Male,10-14,2.8631061079186213
Florida,Male,15-19,3.0337457881621868
Florida,Male,20-24,3.172928734925547
Florida,Male,25-29,3.351059037700488
Florida,Male,30-34,3.161726761204727
Florida,Male,35-39,2.9992326478200857
Florida,Male,40-44,2.9192906283434
Florida,Male,45-49,3.1756018780698394
Florida,Male,50-54,3.38919135188223
Florida,Male,55-59,3.279573077208379
Florida,Male,60-64,2.981524893778946
Florida,Male,65-69,2.8719163219840214
Florida,Male,70-74,2.259553078604623
Florida,Male,75-79,1.6959225446343345
Florida,Male,80-84,1.1036491120725693
Florida,Male,85+,0.994666375968414
Florida,Female,0-4,2.650292864420363
Florida,Female,5-9,2.6634742254422195
Florida,Female,10-14,2.795981591504043
Florida,Female,15-19,2.9078751912861938
Florida,Female,20-24,2.973146457825782
Florida,Female,25-29,3.277845964759435
Florida,Female,30-34,3.1186411273309287
Florida,Female,35-39,3.030116911443619
Florida,Female,40-44,3.020249083575214
Florida,Female,45-49,3.2561309217215872
Florida,Female,50-54,3.5471930323238308
Florida,Female,55-59,3.606860886283278
Florida,Female,60-64,3.373637636962807
Florida,Female,65-69,3.2949861003833654
Florida,Female,70-74,2.626287941955826
Florida,Female,75-79,1.9418614167881831
Florida,Female,80-84,1.4151697428916588
Florida,Female,85+,1.6420812694703426
Georgia,Male,0-4,3.2524338842899057
Georgia,Male,5-9,3.4529213352264434
Georgia,Male,10-14,3.5865343739813045
Georgia,Male,15-19,3.6673850048654892
Georgia,Male,20-24,3.5427047193549095
Georgia,Male,25-29,3.439982906531686
Georgia,Male,30-34,3.238418869699257
Georgia,Male,35-39,3.253093414388289
Georgia,Male,40-44,3.2040360138350015
Georgia,Male,45-49,3.356571747030247
Georgia,Male,50-54,3.2916177313115114
Georgia,Male,55-59,3.060500926688283
Georgia,Male,60-64,2.607345555266634
Georgia,Male,65-69,2.2258752861560462
Georgia,Male,70-74,1.5265018106525945
Georgia,Male,75-79,0.9667450375937005
Georgia,Male,80-84,0.5812884909767069
Georgia,Male,85+,0.41693940984276906
Georgia,Female,0-4,3.0992095240801714
Georgia,Female,5-9,3.3360099263159393
Georgia,Female,10-14,3.4303615262729146
Georgia,Female,15-19,3.4669363498170918
Georgia,Female,20-24,3.3541470040214847
Georgia,Female,25-29,3.5291649543939783
Georgia,Female,30-34,3.407287671801529
Georgia,Female,35-39,3.544043177495747
Georgia,Female,40-44,3.436239103326156
Georgia,Female,45-49,3.4577611222719336
Georgia,Female,50-54,3.5100676784569638
Georgia,Female,55-59,3.3151862333566853
Georgia,Female,60-64,2.977836588033544
Georgia,Female,65-69,2.6299150631921973
Georgia,Female,70-74,1.8487501565171611
Georgia,Female,75-79,1.2692462763949037
Georgia,Female,80-84,0.8544794362879862
Georgia,Female,85+,0.8624616902728331
Hawaii,Male,0-4,3.295913288724216
Hawaii,Male,5-9,3.144501759467771
Hawaii,Male,10-14,2.963619932561319
Hawaii,Male,15-19,2.760967885775646
Hawaii,Male,20-24,3.8886792756606843
Hawaii,Male,25-29,3.939359787533854
Hawaii,Male,30-34,3.633456697912649
Hawaii,Male,35-39,3.2221325435386894
Hawaii,Male,40-44,3.1449217637098132
Hawaii,Male,45-49,3.0942412518366433
Hawaii,Male,50-54,3.139041704321214
Hawaii,Male,55-59,3.136591679575964
Hawaii,Male,60-64,3.198332303156262
Hawaii,Male,65-69,2.9639699360963547
Hawaii,Male,70-74,1.7614977911276906
Hawaii,Male,75-79,1.2677828046063264
Hawaii,Male,80-84,0.8441385257991105
Hawaii,Male,85+,0.8653487400222741
Hawaii,Female,0-4,3.054690852377609
Hawaii,Female,5-9,2.8967692573694994
Hawaii,Female,10-14,2.881369101827928
Hawaii,Female,15-19,2.7030773010807407
Hawaii,Female,20-24,3.044120745619531
Hawaii,Female,25-29,3.4259746023434836
Hawaii,Female,30-34,3.4104344453878985
Hawaii,Female,35-39,3.1934322536657622
Hawaii,Female,40-44,2.9933702330393537
Hawaii,Female,45-49,3.0222105243262956
Hawaii,Female,50-54,3.179992117920391
Hawaii,Female,55-59,3.2942332717560445
Hawaii,Female,60-64,3.290523234284666
Hawaii,Female,65-69,2.985180150319518
Hawaii,Female,70-74,2.012660327869311
Hawaii,Female,75-79,1.3887440263146658
Hawaii,Female,80-84,1.1339414528086733
Hawaii,Female,85+,1.8247784302621455
Idaho,Male,0-4,3.458773482895065
Idaho,Male,5-9,3.865869743455684
Idaho,Male,10-14,3.7030193566785883
Idaho,Male,15-19,3.6945233313925163
Idaho,Male,20-24,3.4820038737122285
Idaho,Male,25-29,3.3735161662131494
Idaho,Male,30-34,3.2422733700108135
Idaho,Male,35-39,3.3145192913245483
Idaho,Male,40-44,2.797331178630417
Idaho,Male,45-49,2.9858478795584444
Idaho,Male,50-54,2.917463787920197
Idaho,Male,55-59,2.964518697196906
Idaho,Male,60-64,3.0004634195610587
Idaho,Male,65-69,2.6214099837209024
Idaho,Male,70-74,1.8629466354551611
Idaho,Male,75-79,1.1479140178475944
Idaho,Male,80-84,0.8280356951887544
Idaho,Male,85+,0.7177656047625272
Idaho,Female,0-4,3.3227776655536676
Idaho,Female,5-9,3.641943035041648
Idaho,Female,10-14,3.5354159487624317
Idaho,Female,15-19,3.5238304597359695
Idaho,Female,20-24,3.17442399325071
Idaho,Female,25-29,3.251185284646554
Idaho,Female,30-34,3.2368073957008923
Idaho,Female,35-39,3.193614316099671
Idaho,Female,40-44,2.9235238898725
Idaho,Female,45-49,2.925662749385078
Idaho,Female,50-54,2.943843055241988
Idaho,Female,55-59,3.285644687904749
Idaho,Female,60-64,3.0219114274510734
Idaho,Female,65-69,2.819432726927053
Idaho,Female,70-74,1.9160616466841738
Idaho,Female,75-79,1.303575460151859
Idaho,Female,80-84,1.0036004135128391
Idaho,Female,85+,0.9985503285525863
Illinois,Male,0-4,3.083863588588841
Illinois,Male,5-9,3.249999863297686
Illinois,Male,10-14,3.2958771597696184
Illinois,Male,15-19,3.3853117191612667
Illinois,Male,20-24,3.4725980993379
Illinois,Male,25-29,3.5251230340352047
Illinois,Male,30-34,3.433977742832327
Illinois,Male,35-39,3.2667166033708916
Illinois,Male,40-44,3.1780866347397763
Illinois,Male,45-49,3.269614692420966
Illinois,Male,50-54,3.362478526995856
Illinois,Male,55-59,3.2895966649009933
Illinois,Male,60-64,2.980079192040894
Illinois,Male,65-69,2.2735313308813883
Illinois,Male,70-74,1.6163212876201836
Illinois,Male,75-79,1.0558339899601132
Illinois,Male,80-84,0.7453088257591529
Illinois,Male,85+,0.6482423714836162
Illinois,Female,0-4,2.92705431745355
Illinois,Female,5-9,3.056718414871837
Illinois,Female,10-14,3.1926005146724936
Illinois,Female,15-19,3.2918073366022633
Illinois,Female,20-24,3.3552840795157515
Illinois,Female,25-29,3.434579233012531
Illinois,Female,30-34,3.3995912522705276
Illinois,Female,35-39,3.270114632311006
Illinois,Female,40-44,3.209176646651625
Illinois,Female,45-49,3.3139374882973054
Illinois,Female,50-54,3.462099361647065
Illinois,Female,55-59,3.4287205624261268
Illinois,Female,60-64,3.2352672596630763
Illinois,Female,65-69,2.579603905436682
Illinois,Female,70-74,1.9190583257216183
Illinois,Female,75-79,1.3750143635073877
Illinois,Female,80-84,1.0562480026815526
Illinois,Female,85+,1.3605629760609252
Indiana,Male,0-4,3.2503735459372933
Indiana,Male,5-9,3.3951786605655045
Indiana,Male,10-14,3.403199100022267
Indiana,Male,15-19,3.5880913359202764
Indiana,Male,20-24,3.7001513481047112
Indiana,Male,25-29,3.302084274013791
Indiana,Male,30-34,3.1710586361966353
Indiana,Male,35-39,3.140755848023527
Indiana,Male,40-44,2.935616525301396
Indiana,Male,45-49,3.1612441510719123
Indiana,Male,50-54,3.313843564946639
Indiana,Male,55-59,3.2869479559412538
Indiana,Male,60-64,3.0555311407884123
Indiana,Male,65-69,2.4516161713165867
Indiana,Male,70-74,1.6231439730694148
Indiana,Male,75-79,1.1112529931541328
Indiana,Male,80-84,0.7523534034780063
Indiana,Male,85+,0.6159757806850028
Indiana,Female,0-4,3.087085238124888
Indiana,Female,5-9,3.30012439219165
Indiana,Female,10-14,3.192737944352322
Indiana,Female,15-19,3.410073762413778
Indiana,Female,20-24,3.4504473279498895
Indiana,Female,25-29,3.3381611755552085
Indiana,Female,30-34,3.116151793148645
Indiana,Female,35-39,3.126614546876077
Indiana,Female,40-44,3.0570387421900596
Indiana,Female,45-49,3.1679680533232584
Indiana,Female,50-54,3.3866757886602143
Indiana,Female,55-59,3.494333604751839
Indiana,Female,60-64,3.192918856520519
Indiana,Female,65-69,2.7534982759824174
Indiana,Female,70-74,1.9043267104906292
Indiana,Female,75-79,1.442819769418396
Indiana,Female,80-84,1.071633228318845
Indiana,Female,85+,1.2489723811946023
Iowa,Male,0-4,3.241912365899946
Iowa,Male,5-9,3.408499652119043
Iowa,Male,10-14,3.2912632911739683
Iowa,Male,15-19,3.6116455423226452
Iowa,Male,20-24,3.5756930582994886
Iowa,Male,25-29,3.1539611694031917
Iowa,Male,30-34,3.265168231785377
Iowa,Male,35-39,3.2967183708261065
Iowa,Male,40-44,2.6514877214451302
Iowa,Male,45-49,3.0259103523056328
Iowa,Male,50-54,3.285903914673622
Iowa,Male,55-59,3.3653375306608972
Iowa,Male,60-64,3.2140946497791014
Iowa,Male,65-69,2.5802845765119584
Iowa,Male,70-74,1.7301534791445288
Iowa,Male,75-79,1.2782431963831866
Iowa,Male,80-84,0.8375939844826911
Iowa,Male,85+,0.8454735439802239
Iowa,Female,0-4,3.0581304134089047
Iowa,Female,5-9,3.0926473501551826
Iowa,Female,10-14,3.2155301970559798
Iowa,Female,15-19,3.390922173239931
Iowa,Female,20-24,3.535625338749281
Iowa,Female,25-29,3.037841345229022
Iowa,Female,30-34,3.1456030941466997
Iowa,Female,35-39,3.019019725376616
Iowa,Female,40-44,2.829399880626269
Iowa,Female,45-49,2.935311368609302
Iowa,Female,50-54,3.2374143177657273
Iowa,Female,55-59,3.412168272937733
Iowa,Female,60-64,3.3138811360474536
Iowa,Female,65-69,2.7176185993333317
Iowa,Female,70-74,1.938212131140115
Iowa,Female,75-79,1.5689893715269725
Iowa,Female,80-84,1.2276481301358697
Iowa,Female,85+,1.6646925233188705
Kansas,Male,0-4,3.5332916679421964
Kansas,Male,5-9,3.6218621540548597
Kansas,Male,10-14,3.393642668479123
Kansas,Male,15-19,3.6699137925400604
Kansas,Male,20-24,3.91244214111497
Kansas,Male,25-29,3.2244816390802566
Kansas,Male,30-34,3.313430484551071
Kansas,Male,35-39,3.201573699759467
Kansas,Male,40-44,3.0092639569028057
Kansas,Male,45-49,2.882926327585596
Kansas,Male,50-54,3.081221027562103
Kansas,Male,55-59,3.3382646169679036
Kansas,Male,60-64,2.920727867095428
Kansas,Male,65-69,2.4700674752320806
Kansas,Male,70-74,1.6055507381619099
Kansas,Male,75-79,1.185984606277532
Kansas,Male,80-84,0.7366656703203568
Kansas,Male,85+,0.7338795695921526
Kansas,Female,0-4,3.2567453734389664
Kansas,Female,5-9,3.3492370383542878
Kansas,Female,10-14,3.379299409174664
Kansas,Female,15-19,3.39942124776725
Kansas,Female,20-24,3.408536268668165
Kansas,Female,25-29,3.1706858176122155
Kansas,Female,30-34,3.264587731044282
Kansas,Female,35-39,3.1639097454707805
Kansas,Female,40-44,2.7791182782310258
Kansas,Female,45-49,2.868135916312413
Kansas,Female,50-54,3.224000090806246
Kansas,Female,55-59,3.374931078403282
Kansas,Female,60-64,3.2040846300453794
Kansas,Female,65-69,2.5888723136915526
Kansas,Female,70-74,1.8428852446385617
Kansas,Female,75-79,1.3791198604610688
Kansas,Female,80-84,1.073818254738349
Kansas,Female,85+,1.4374215979216378
Kentucky,Male,0-4,3.138738248184461
Kentucky,Male,5-9,3.2036022748837385
Kentucky,Male,10-14,3.2866994487684624
Kentucky,Male,15-19,3.4916138791888347
Kentucky,Male,20-24,3.5320243030497815
Kentucky,Male,25-29,3.2585270952680814
Kentucky,Male,30-34,3.118116085422182
Kentucky,Male,35-39,3.109348849012863
Kentucky,Male,40-44,3.152779349169051
Kentucky,Male,45-49,3.245297358064302
Kentucky,Male,50-54,3.36046593917386
Kentucky,Male,55-59,3.3284846834802275
Kentucky,Male,60-64,3.0644984622402562
Kentucky,Male,65-69,2.5910451582542517
Kentucky,Male,70-74,1.7580224720721824
Kentucky,Male,75-79,1.1814132785091822
Kentucky,Male,80-84,0.7045567542203313
Kentucky,Male,85+,0.6031588195017595
Kentucky,Female,0-4,3.012954324275959
Kentucky,Female,5-9,3.0746179716175934
Kentucky,Female,10-14,3.1314585120399627
Kentucky,Female,15-19,3.419064434454653
Kentucky,Female,20-24,3.196795834278046
Kentucky,Female,25-29,3.2799155460455705
Kentucky,Female,30-34,3.0711020619007456
Kentucky,Female,35-39,3.22366099057601
Kentucky,Female,40-44,3.0510884219740753
Kentucky,Female,45-49,3.3200780531957137
Kentucky,Female,50-54,3.534661235337417
Kentucky,Female,55-59,3.557649875793728
Kentucky,Female,60-64,3.341398890324802
Kentucky,Female,65-69,2.8850293015014286
Kentucky,Female,70-74,2.0359596427655426
Kentucky,Female,75-79,1.4790034830044079
Kentucky,Female,80-84,1.1512125155567736
Kentucky,Female,85+,1.1059564468937613
Louisiana,Male,0-4,3.294724570270498
Louisiana,Male,5-9,3.3363123298415562
Louisiana,Male,10-14,3.5445928863784815
Louisiana,Male,15-19,3.4417448831249393
Louisiana,Male,20-24,3.4836957612952317
Louisiana,Male,25-29,3.6341763808011933
Louisiana,Male,30-34,3.510139339286485
Louisiana,Male,35-39,3.2743685687958086
Louisiana,Male,40-44,2.8415311985092484
Louisiana,Male,45-49,3.0406910702301273
Louisiana,Male,50-54,3.133072713858699
Louisiana,Male,55-59,3.2797726279491104
Louisiana,Male,60-64,2.8497334068684097
Louisiana,Male,65-69,2.3131509167890236
Louisiana,Male,70-74,1.6711785932614587
Louisiana,Male,75-79,1.1006124742773193
Louisiana,Male,80-84,0.6706800527846284
Louisiana,Male,85+,0.5341901793079643
Louisiana,Female,0-4,3.26197981658666
Louisiana,Female,5-9,3.1953155137508746
Louisiana,Female,10-14,3.230751617052562
Louisiana,Female,15-19,3.3059812468467418
Louisiana,Female,20-24,3.368330846326927
Louisiana,Female,25-29,3.6761699788066897
Louisiana,Female,30-34,3.514325883136473
Louisiana,Female,35-39,3.3239235776324065
Louisiana,Female,40-44,3.0208263468602845
Louisiana,Female,45-49,2.9914351002399573
Louisiana,Female,50-54,3.3813390361465343
Louisiana,Female,55-59,3.4396088913647405
Louisiana,Female,60-64,3.2250485190528333
Louisiana,Female,65-69,2.6099469718685615
Louisiana,Female,70-74,2.032118480899748
Louisiana,Female,75-79,1.3754078142268158
Louisiana,Female,80-84,0.9850339601329954
Louisiana,Female,85+,1.1080884454380129
Maine,Male,0-4,2.4605720405654163
Maine,Male,5-9,2.86583566094546
Maine,Male,10-14,2.632636338988448
Maine,Male,15-19,3.1370378353695405
Maine,Male,20-24,2.9464227374220697
Maine,Male,25-29,3.0104117301136557
Maine,Male,30-34,2.872670166033411
Maine,Male,35-39,2.624750371579274
Maine,Male,40-44,2.969780221843529
Maine,Male,45-49,3.313458191980497
Maine,Male,50-54,3.699570177223974
Maine,Male,55-59,4.092066040846308
Maine,Male,60-64,3.501519738576425
Maine,Male,65-69,3.4355780301454244
Maine,Male,70-74,2.058763224955106
Maine,Male,75-79,1.3002082646440536
Maine,Male,80-84,0.8896873326578939
Maine,Male,85+,1.0596487064384792
Maine,Female,0-4,2.341681693815674
Maine,Female,5-9,2.7559578483776312
Maine,Female,10-14,2.5463413241966264
Maine,Female,15-19,3.0285870073805143
Maine,Female,20-24,2.6912929156224017
Maine,Female,25-29,2.986002783370973
Maine,Female,30-34,2.9562614205706588
Maine,Female,35-39,2.883635415954739
Maine,Female,40-44,2.911198749661091
Maine,Female,45-49,3.5208966870675393
Maine,Female,50-54,3.857965465471104
Maine,Female,55-59,4.112419347207128
Maine,Female,60-64,4.00532039934539
Maine,Female,65-69,3.497689411549112
Maine,Female,70-74,2.407322984440611
Maine,Female,75-79,1.7362647101456352
Maine,Female,80-84,1.3068174563774568
Maine,Female,85+,1.5837275691167492
Maryland,Male,0-4,3.10173097178451
Maryland,Male,5-9,3.2226827561183535
Maryland,Male,10-14,3.1768583684024807
Maryland,Male,15-19,3.271814743818071
Maryland,Male,20-24,3.321345638048503
Maryland,Male,25-29,3.479561940793295
Maryland,Male,30-34,3.3663555915974994
Maryland,Male,35-39,3.2767512121356672
Maryland,Male,40-44,2.917702092281375
Maryland,Male,45-49,3.356166853958823
Maryland,Male,50-54,3.4896509517992924
Maryland,Male,55-59,3.346676202748898
Maryland,Male,60-64,2.8813517346699804
Maryland,Male,65-69,2.381006597415385
Maryland,Male,70-74,1.5595915662516433
Maryland,Male,75-79,1.0650305736924135
Maryland,Male,80-84,0.6583786078394773
Maryland,Male,85+,0.6239562984598718
Maryland,Female,0-4,2.929985089206304
Maryland,Female,5-9,3.0386040132988787
Maryland,Female,10-14,3.0482608755632685
Maryland,Female,15-19,3.132579743493128
Maryland,Female,20-24,3.235497628417569
Maryland,Female,25-29,3.479196276473474
Maryland,Female,30-34,3.5083663165319994
Maryland,Female,35-39,3.385403378439135
Maryland,Female,40-44,3.14363277861502
Maryland,Female,45-49,3.53409578776311
Maryland,Female,50-54,3.8258792938756043
Maryland,Female,55-59,3.6628428705513403
Maryland,Female,60-64,3.2994722632809697
Maryland,Female,65-69,2.767513783467219
Maryland,Female,70-74,1.9082857374127953
Maryland,Female,75-79,1.3925494565147836
Maryland,Female,80-84,0.9993107227571355
Maryland,Female,85+,1.2119112825227247
Massachusetts,Male,0-4,2.6878587810908137
Massachusetts,Male,5-9,2.7101437084203703
Massachusetts,Male,10-14,3.0787111560724445
Massachusetts,Male,15-19,3.3733184825872944
Massachusetts,Male,20-24,3.6408403737114785
Massachusetts,Male,25-29,3.5917342591414076
Massachusetts,Male,30-34,3.396924650667615
Massachusetts,Male,35-39,2.9208228863561194
Massachusetts,Male,40-44,3.0118710545365612
Massachusetts,Male,45-49,3.298903267413696
Massachusetts,Male,50-54,3.570961418448837
Massachusetts,Male,55-59,3.362220060280875
Massachusetts,Male,60-64,3.0831299723611116
Massachusetts,Male,65-69,2.4159474345835354
Massachusetts,Male,70-74,1.7523762881913814
Massachusetts,Male,75-79,1.1000503686335097
Massachusetts,Male,80-84,0.7959594696187295
Massachusetts,Male,85+,0.7391167564302952
Massachusetts,Female,0-4,2.5937864396364008
Massachusetts,Female,5-9,2.6347889442684505
Massachusetts,Female,10-14,2.862277240644478
Massachusetts,Female,15-19,3.3781189906484053
Massachusetts,Female,20-24,3.6380951290404457
Massachusetts,Female,25-29,3.5426134641185514
Massachusetts,Female,30-34,3.4292069663446214
Massachusetts,Female,35-39,3.0958872858323794
Massachusetts,Female,40-44,3.1079399375699066
Massachusetts,Female,45-49,3.463309658167125
Massachusetts,Female,50-54,3.760853075239229
Massachusetts,Female,55-59,3.7026010385833126
Massachusetts,Female,60-64,3.2900362739307893
Massachusetts,Female,65-69,2.729272338400879
Massachusetts,Female,70-74,2.1003764214898926
Massachusetts,Female,75-79,1.477073757090475
Massachusetts,Female,80-84,1.1398490761370854
Massachusetts,Female,85+,1.5230235743114977
Michigan,Male,0-4,2.942034386551575
Michigan,Male,5-9,3.0728019902702375
Michigan,Male,10-14,3.204556671333461
Michigan,Male,15-19,3.4520109182840972
Michigan,Male,20-24,3.6597504104428755
Michigan,Male,25-29,3.345608009427596
Michigan,Male,30-34,2.9921134534613176
Michigan,Male,35-39,2.925395082743269
Michigan,Male,40-44,2.842762607898633
Michigan,Male,45-49,3.2428109545440806
Michigan,Male,50-54,3.479034678645891
Michigan,Male,55-59,3.562805314102112
Michigan,Male,60-64,3.2601452413807
Michigan,Male,65-69,2.68013657927339
Michigan,Male,70-74,1.8113272161397218
Michigan,Male,75-79,1.1922786378332646
Michigan,Male,80-84,0.7812515737840315
Michigan,Male,85+,0.7380316871972039
Michigan,Female,0-4,2.815879858586062
Michigan,Female,5-9,2.964223482368583
Michigan,Female,10-14,3.0281216321021724
Michigan,Female,15-19,3.3227642194534814
Michigan,Female,20-24,3.445615059980057
Michigan,Female,25-29,3.2521378282283977
Michigan,Female,30-34,2.9833002628848844
Michigan,Female,35-39,2.9608492894050342
Michigan,Female,40-44,2.93733066083821
Michigan,Female,45-49,3.2846106584208776
Michigan,Female,50-54,3.5823756332906944
Michigan,Female,55-59,3.7861063827644212
Michigan,Female,60-64,3.448002175599045
Michigan,Female,65-69,2.91002487837797
Michigan,Female,70-74,2.06851122548674
Michigan,Female,75-79,1.525387024969028
Michigan,Female,80-84,1.1153369660465537
Michigan,Female,85+,1.3845673478843306
Minnesota,Male,0-4,3.2798473609915444
Minnesota,Male,5-9,3.3873301796827215
Minnesota,Male,10-14,3.304086702203208
Minnesota,Male,15-19,3.2926916755797877
Minnesota,Male,20-24,3.36946770551628
Minnesota,Male,25-29,3.38848961005458
Minnesota,Male,30-34,3.480519395820833
Minnesota,Male,35-39,3.355808166447824
Minnesota,Male,40-44,2.917126815595498
Minnesota,Male,45-49,3.1616398113606787
Minnesota,Male,50-54,3.424051513491422
Minnesota,Male,55-59,3.5376575738339753
Minnesota,Male,60-64,3.1090668904367282
Minnesota,Male,65-69,2.4659634721461345
Minnesota,Male,70-74,1.647188236419447
Minnesota,Male,75-79,1.1232344049368546
Minnesota,Male,80-84,0.7606225561381693
Minnesota,Male,85+,0.7772712516340722
Minnesota,Female,0-4,3.080352872633675
Minnesota,Female,5-9,3.2726009211674305
Minnesota,Female,10-14,3.1188133520001626
Minnesota,Female,15-19,3.163306492520225
Minnesota,Female,20-24,3.243905019463937
Minnesota,Female,25-29,3.206332228975904
Minnesota,Female,30-34,3.4176927625457614
Minnesota,Female,35-39,3.1994662272425556
Minnesota,Female,40-44,2.8536480027362554
Minnesota,Female,45-49,3.1134872187294382
Minnesota,Female,50-54,3.4812259237036844
Minnesota,Female,55-59,3.5814804186703073
Minnesota,Female,60-64,3.21747363020548
Minnesota,Female,65-69,2.589225413554321
Minnesota,Female,70-74,1.8340376872842374
Minnesota,Female,75-79,1.3191781377809082
Minnesota,Female,80-84,1.1051726536752493
Minnesota,Female,85+,1.4205377148207086
Mississippi,Male,0-4,3.146190048870321
Mississippi,Male,5-9,3.4900823963120073
Mississippi,Male,10-14,3.5289618385894195
Mississippi,Male,15-19,3.708837812499373
Mississippi,Male,20-24,3.6369342656369303
Mississippi,Male,25-29,3.1646259978331903
Mississippi,Male,30-34,2.949986047566756
Mississippi,Male,35-39,2.978158586635242
Mississippi,Male,40-44,3.0208858222533617
Mississippi,Male,45-49,2.999237802327815
Mississippi,Male,50-54,3.0803425941354274
Mississippi,Male,55-59,3.052538104864748
Mississippi,Male,60-64,2.922148099223549
Mississippi,Male,65-69,2.557912635684904
Mississippi,Male,70-74,1.6889805221355185
Mississippi,Male,75-79,1.1045843613633368
Mississippi,Male,80-84,0.6950787726944524
Mississippi,Male,85+,0.48682950528084545
Mississippi,Female,0-4,3.104968471515957
Mississippi,Female,5-9,3.3817084603941607
Mississippi,Female,10-14,3.442537054249871
Mississippi,Female,15-19,3.645934756146933
Mississippi,Female,20-24,3.433703859102507
Mississippi,Female,25-29,3.2859820538918587
Mississippi,Female,30-34,3.267412268638878
Mississippi,Female,35-39,3.3340292820419135
Mississippi,Female,40-44,3.2006948780182594
Mississippi,Female,45-49,3.1324049109888294
Mississippi,Female,50-54,3.3497550461300234
Mississippi,Female,55-59,3.481316119309699
Mississippi,Female,60-64,3.2162868058162575
Mississippi,Female,65-69,2.762715618628138
Mississippi,Female,70-74,2.027987844988132
Mississippi,Female,75-79,1.4733367996932474
Mississippi,Female,80-84,1.0278961671294056
Mississippi,Female,85+,1.2190143894087313
Missouri,Male,0-4,3.145035286394223
Missouri,Male,5-9,3.26476284260627
Missouri,Male,10-14,3.3030526834071887
Missouri,Male,15-19,3.4938946331856227
Missouri,Male,20-24,3.462875430822255
Missouri,Male,25-29,3.355752502872148
Missouri,Male,30-34,3.1997209913014935
Missouri,Male,35-39,3.1518463810930575
Missouri,Male,40-44,2.8354833415394713
Missouri,Male,45-49,3.0594288527818807
Missouri,Male,50-54,3.3561299852289515
Missouri,Male,55-59,3.4529624158870833
Missouri,Male,60-64,3.004940095191203
Missouri,Male,65-69,2.494190054160512
Missouri,Male,70-74,1.8219103889709505
Missouri,Male,75-79,1.1675201050385688
Missouri,Male,80-84,0.8286886591170195
Missouri,Male,85+,0.7508452322337108
Missouri,Female,0-4,2.9526505826358114
Missouri,Female,5-9,3.027917282127031
Missouri,Female,10-14,3.168833087149188
Missouri,Female,15-19,3.337731823403906
Missouri,Female,20-24,3.208025603151157
Missouri,Female,25-29,3.3567208271787297
Missouri,Female,30-34,3.21068439192516
Missouri,Female,35-39,3.186410635155096
Missouri,Female,40-44,2.9262924667651404
Missouri,Female,45-49,3.118086328573773
Missouri,Female,50-54,3.466715903495815
Missouri,Female,55-59,3.673855243722304
Missouri,Female,60-64,3.2457410142786802
Missouri,Female,65-69,2.8529131790579356
Missouri,Female,70-74,2.0365829640571147
Missouri,Female,75-79,1.5733628754308222
Missouri,Female,80-84,1.1847694075168227
Missouri,Female,85+,1.323666502543903
Montana,Male,0-4,3.0464643364156085
Montana,Male,5-9,3.15351264244331
Montana,Male,10-14,3.214422744887388
Montana,Male,15-19,3.3128381230096307
Montana,Male,20-24,3.7018954072823544
Montana,Male,25-29,3.1181176380309252
Montana,Male,30-34,3.049629743314277
Montana,Male,35-39,3.1796032690020333
Montana,Male,40-44,2.8886735985880367
Montana,Male,45-49,2.9448835513946974
Montana,Male,50-54,3.17077849825423
Montana,Male,55-59,3.757242067298469
Montana,Male,60-64,3.5000767371369377
Montana,Male,65-69,3.0190308099604803
Montana,Male,70-74,2.261923032651652
Montana,Male,75-79,1.3499021601504049
Montana,Male,80-84,0.9634347542493189
Montana,Male,85+,0.8244446149714155
Montana,Female,0-4,2.8184591182902965
Montana,Female,5-9,2.9350995664351762
Montana,Female,10-14,3.078885776771669
Montana,Female,15-19,2.993995319034647
Montana,Female,20-24,3.389287495683536
Montana,Female,25-29,2.8693933929325097
Montana,Female,30-34,3.129148601465679
Montana,Female,35-39,2.8528949084909643
Montana,Female,40-44,2.615105705406131
Montana,Female,45-49,2.961861642942102
Montana,Female,50-54,3.1843993400606223
Montana,Female,55-59,3.7057322641292254
Montana,Female,60-64,3.7894716648121856
Montana,Female,65-69,3.1979242604458427
Montana,Female,70-74,2.031903464681733
Montana,Female,75-79,1.6301845528143344
Montana,Female,80-84,1.0810344166059165
Montana,Female,85+,1.2783447799562597
Nebraska,Male,0-4,3.4850528232157876
Nebraska,Male,5-9,3.454220928354647
Nebraska,Male,10-14,3.671302637070844
Nebraska,Male,15-19,3.4912401762661527
Nebraska,Male,20-24,3.6267851562254214
Nebraska,Male,25-29,3.394392370469337
Nebraska,Male,30-34,3.5014650393578575
Nebraska,Male,35-39,3.2053634912611506
Nebraska,Male,40-44,2.9873379490287952
Nebraska,Male,45-49,2.893007032608399
Nebraska,Male,50-54,3.1532429070911263
Nebraska,Male,55-59,3.285274728962475
Nebraska,Male,60-64,2.9762216876162753
Nebraska,Male,65-69,2.3839137210321764
Nebraska,Male,70-74,1.6037304495374167
Nebraska,Male,75-79,1.128300533370807
Nebraska,Male,80-84,0.7721606866074219
Nebraska,Male,85+,0.8069252211192188
Nebraska,Female,0-4,3.4446252876070464
Nebraska,Female,5-9,3.50429653990633
Nebraska,Female,10-14,3.2928253970917343
Nebraska,Female,15-19,3.347410435442836
Nebraska,Female,20-24,3.4622959484373266
Nebraska,Female,25-29,3.1054220089391524
Nebraska,Female,30-34,3.389830508474576
Nebraska,Female,35-39,3.17101843831209
Nebraska,Female,40-44,2.8684149259929654
Nebraska,Female,45-49,2.8128336189303638
Nebraska,Female,50-54,3.128178883717613
Nebraska,Female,55-59,3.1732207165164574
Nebraska,Female,60-64,3.215483483962171
Nebraska,Female,65-69,2.531256619943412
Nebraska,Female,70-74,1.806864396292622
Nebraska,Female,75-79,1.3027524282738963
Nebraska,Female,80-84,1.2486917418762151
Nebraska,Female,85+,1.3746410810878835
Nevada,Male,0-4,3.199834833190365
Nevada,Male,5-9,3.2560582138175502
Nevada,Male,10-14,3.3200705564311996
Nevada,Male,15-19,3.1462984743838387
Nevada,Male,20-24,3.2262628832492415
Nevada,Male,25-29,3.730708713909726
Nevada,Male,30-34,3.611255288160982
Nevada,Male,35-39,3.3458523607357407
Nevada,Male,40-44,3.3596275991834172
Nevada,Male,45-49,3.4109531172514287
Nevada,Male,50-54,3.3483012920153272
Nevada,Male,55-59,3.257758860539486
Nevada,Male,60-64,2.813890066114342
Nevada,Male,65-69,2.5596093682505585
Nevada,Male,70-74,2.0019673081279348
Nevada,Male,75-79,1.2499073147536546
Nevada,Male,80-84,0.7601210588362542
Nevada,Male,85+,0.507779098235477
Nevada,Female,0-4,3.0368108384256365
Nevada,Female,5-9,3.193032246302624
Nevada,Female,10-14,3.1709578518519024
Nevada,Female,15-19,2.975179401222697
Nevada,Female,20-24,3.088748589313544
Nevada,Female,25-29,3.5958474288602473
Nevada,Female,30-34,3.4940467160851933
Nevada,Female,35-39,3.3497638481961918
Nevada,Female,40-44,3.2224874475265453
Nevada,Female,45-49,3.263234942984118
Nevada,Female,50-54,3.277962543596079
Nevada,Female,55-59,3.0984762885630146
Nevada,Female,60-64,3.180991667511321
Nevada,Female,65-69,2.837665107286999
Nevada,Female,70-74,1.985879190138426
Nevada,Female,75-79,1.3983397606441776
Nevada,Female,80-84,0.8853906963740171
Nevada,Female,85+,0.8389290279307414
New Hampshire,Male,0-4,2.5597938260182276
New Hampshire,Male,5-9,2.8239542401642197
New Hampshire,Male,10-14,2.8282245588273853
New Hampshire,Male,15-19,3.4235219640469134
New Hampshire,Male,20-24,3.4191767275124643
New Hampshire,Male,25-29,3.168876119553939
New Hampshire,Male,30-34,3.032600511689061
New Hampshire,Male,35-39,2.9301877816443724
New Hampshire,Male,40-44,2.690525511408119
New Hampshire,Male,45-49,3.507504897755835
New Hampshire,Male,50-54,4.069913357481861
New Hampshire,Male,55-59,4.152023344408692
New Hampshire,Male,60-64,3.452515180233669
New Hampshire,Male,65-69,2.95715821530647
New Hampshire,Male,70-74,1.938350083720721
New Hampshire,Male,75-79,1.2326986541004423
New Hampshire,Male,80-84,0.8615555197614614
New Hampshire,Male,85+,0.75097674174686
New Hampshire,Female,0-4,2.270760678606078
New Hampshire,Female,5-9,2.7291082151191755
New Hampshire,Female,10-14,2.6024970126498825
New Hampshire,Female,15-19,3.1306680051993006
New Hampshire,Female,20-24,3.2211687937098956
New Hampshire,Female,25-29,2.916253057585622
New Hampshire,Female,30-34,2.9136309320906957
New Hampshire,Female,35-39,3.0081023677793217
New Hampshire,Female,40-44,2.795260695462599
New Hampshire,Female,45-49,3.5069804726568496
New Hampshire,Female,50-54,4.068340082184905
New Hampshire,Female,55-59,4.112017201143247
New Hampshire,Female,60-64,3.665132098936541
New Hampshire,Female,65-69,3.1258732614371496
New Hampshire,Female,70-74,2.1055667724257283
New Hampshire,Female,75-79,1.4403709932985964
New Hampshire,Female,80-84,1.1069864660865525
New Hampshire,Female,85+,1.4817256582471465
New Jersey,Male,0-4,2.9637533541678103
New Jersey,Male,5-9,3.137894490997733
New Jersey,Male,10-14,3.213483103356946
New Jersey,Male,15-19,3.304131301701644
New Jersey,Male,20-24,3.2847338394263543
New Jersey,Male,25-29,3.2794232949994013
New Jersey,Male,30-34,3.2508022555615095
New Jersey,Male,35-39,3.283269247173868
New Jersey,Male,40-44,3.078751796221777
New Jersey,Male,45-49,3.4426191202630365
New Jersey,Male,50-54,3.616033551013481
New Jersey,Male,55-59,3.5004090237218106
New Jersey,Male,60-64,2.9412925462651835
New Jersey,Male,65-69,2.3338780647571142
New Jersey,Male,70-74,1.6576612876628003
New Jersey,Male,75-79,1.0743399077128
New Jersey,Male,80-84,0.7560761851821499
New Jersey,Male,85+,0.7408153575131179
New Jersey,Female,0-4,2.8517958975541196
New Jersey,Female,5-9,3.0194414000428647
New Jersey,Female,10-14,3.046799088911818
New Jersey,Female,15-19,3.089954249939264
New Jersey,Female,20-24,3.0937331215525483
New Jersey,Female,25-29,3.1644583932260257
New Jersey,Female,30-34,3.24137743671536
New Jersey,Female,35-39,3.406619219095063
New Jersey,Female,40-44,3.103985267319949
New Jersey,Female,45-49,3.589928032619935
New Jersey,Female,50-54,3.8241174518017784
New Jersey,Female,55-59,3.690783656357912
New Jersey,Female,60-64,3.2395886217504914
New Jersey,Female,65-69,2.718182599771993
New Jersey,Female,70-74,2.0235633887265974
New Jersey,Female,75-79,1.4842021365382339
New Jersey,Female,80-84,1.070616936567168
New Jersey,Female,85+,1.4814853738103402
New Mexico,Male,0-4,3.0238128989940005
New Mexico,Male,5-9,3.282580855976531
New Mexico,Male,10-14,3.561146844208235
New Mexico,Male,15-19,3.606076842310123
New Mexico,Male,20-24,3.5014644296172777
New Mexico,Male,25-29,3.6200604032166996
New Mexico,Male,30-34,3.3151611112846378
New Mexico,Male,35-39,3.1690304971372143
New Mexico,Male,40-44,2.845726724699245
New Mexico,Male,45-49,2.734242665237877
New Mexico,Male,50-54,3.0800354634637426
New Mexico,Male,55-59,3.1907987208165247
New Mexico,Male,60-64,3.0747976348080144
New Mexico,Male,65-69,2.7406818307412486
New Mexico,Male,70-74,1.8389103394257131
New Mexico,Male,75-79,1.3105143403579502
New Mexico,Male,80-84,0.8879801443045822
New Mexico,Male,85+,0.722820354490477
New Mexico,Female,0-4,2.988926076938417
New Mexico,Female,5-9,3.3504804146053733
New Mexico,Female,10-14,3.2237634039158776
New Mexico,Female,15-19,3.3339500195817906
New Mexico,Female,20-24,3.267107637378875
New Mexico,Female,25-29,3.2132877466044216
New Mexico,Female,30-34,3.1612938878383865
New Mexico,Female,35-39,3.039334171065562
New Mexico,Female,40-44,2.9281864859215334
New Mexico,Female,45-49,2.926792935178266
New Mexico,Female,50-54,3.252355220889806
New Mexico,Female,55-59,3.5328914015516464
New Mexico,Female,60-64,3.339476169080953
New Mexico,Female,65-69,3.026600000480535
New Mexico,Female,70-74,2.1380912679629893
New Mexico,Female,75-79,1.6255048618102224
New Mexico,Female,80-84,1.0076332943299304
New Mexico,Female,85+,1.138482903775321
New York,Male,0-4,2.9860185890416697
New York,Male,5-9,3.0290212516008252
New York,Male,10-14,2.9267234326122042
New York,Male,15-19,3.214569308152441
New York,Male,20-24,3.5291810618725306
New York,Male,25-29,3.8025981792416412
New York,Male,30-34,3.4885536494299982
New York,Male,35-39,3.189074619267411
New York,Male,40-44,2.918448040947894
New York,Male,45-49,3.2448854002592715
New York,Male,50-54,3.4284076571378623
New York,Male,55-59,3.2628846303541064
New York,Male,60-64,2.9555708199560917
New York,Male,65-69,2.3240024493943845
New York,Male,70-74,1.6400874152816907
New York,Male,75-79,1.064826146631736
New York,Male,80-84,0.7856658871895974
New York,Male,85+,0.7377658539209023
New York,Female,0-4,2.8838321890350653
New York,Female,5-9,2.815826094011589
New York,Female,10-14,2.870730329649771
New York,Female,15-19,3.103869485019946
New York,Female,20-24,3.4916227359346323
New York,Female,25-29,3.800795217532648
New York,Female,30-34,3.5281884200327482
New York,Female,35-39,3.292461305580283
New York,Female,40-44,3.0601223410809535
New York,Female,45-49,3.4128545801482066
New York,Female,50-54,3.632101814260607
New York,Female,55-59,3.5376387755074137
New York,Female,60-64,3.244632175300144
New York,Female,65-69,2.735401846992465
New York,Female,70-74,1.9863117728993482
New York,Female,75-79,1.4492368280859298
New York,Female,80-84,1.127646194492266
New York,Female,85+,1.4984435021437266
North Carolina,Male,0-4,3.002043602369538
North Carolina,Male,5-9,3.2850001399457645
North Carolina,Male,10-14,3.288331243345185
North Carolina,Male,15-19,3.496308388427944
North Carolina,Male,20-24,3.4559803555568522
North Carolina,Male,25-29,3.303912528772652
North Carolina,Male,30-34,3.0580908953651145
North Carolina,Male,35-39,3.071513862317809
North Carolina,Male,40-44,3.17226495714703
North Carolina,Male,45-49,3.3753440004856707
North Carolina,Male,50-54,3.321326906603351
North Carolina,Male,55-59,3.193877707901259
North Carolina,Male,60-64,2.845343767899753
North Carolina,Male,65-69,2.5425188739530187
North Carolina,Male,70-74,1.7644894128072846
North Carolina,Male,75-79,1.157459877943641
North Carolina,Male,80-84,0.7233126384428255
North Carolina,Male,85+,0.5630057511795852
North Carolina,Female,0-4,2.8578698993218348
North Carolina,Female,5-9,3.0668424332902195
North Carolina,Female,10-14,3.1892949768931804
North Carolina,Female,15-19,3.2895335942763366
North Carolina,Female,20-24,3.2918298874481264
North Carolina,Female,25-29,3.4127055773708883
North Carolina,Female,30-34,3.247007821588467
North Carolina,Female,35-39,3.3085642471292394
North Carolina,Female,40-44,3.3016753676138695
North Carolina,Female,45-49,3.4660032317616176
North Carolina,Female,50-54,3.494810377431755
North Carolina,Female,55-59,3.450116430933612
North Carolina,Female,60-64,3.29541722957058
North Carolina,Female,65-69,2.8566084163776755
North Carolina,Female,70-74,2.1483547305807513
North Carolina,Female,75-79,1.516854397667518
North Carolina,Female,80-84,1.107690433662357
North Carolina,Female,85+,1.0786960366176963
North Dakota,Male,0-4,3.9213513238947533
North Dakota,Male,5-9,3.2763245214413033
North Dakota,Male,10-14,3.1805402181929487
North Dakota,Male,15-19,3.219724705885457
North Dakota,Male,20-24,4.574030315863912
North Dakota,Male,25-29,4.446977583042748
North Dakota,Male,30-34,3.799707897455383
North Dakota,Male,35-39,3.2152389396176284
North Dakota,Male,40-44,2.8937150456558656
North Dakota,Male,45-49,2.699639687421252
North Dakota,Male,50-54,3.314321600415857
North Dakota,Male,55-59,3.375671050843522
North Dakota,Male,60-64,3.0259132162548337
North Dakota,Male,65-69,2.296580394826592
North Dakota,Male,70-74,1.54099264730135
North Dakota,Male,75-79,1.1002001443361265
North Dakota,Male,80-84,0.7375127481519302
North Dakota,Male,85+,0.8598158461012754
North Dakota,Female,0-4,3.3215779870255804
North Dakota,Female,5-9,3.282789302239057
North Dakota,Female,10-14,2.733810671637951
North Dakota,Female,15-19,3.2222314576233617
North Dakota,Female,20-24,3.9581609941513523
North Dakota,Female,25-29,3.6548440338648964
North Dakota,Female,30-34,3.4105017065701966
North Dakota,Female,35-39,2.89437471716584
North Dakota,Female,40-44,2.382073822519338
North Dakota,Female,45-49,2.4735042938018585
North Dakota,Female,50-54,3.0216913185909946
North Dakota,Female,55-59,3.316828352153762
North Dakota,Female,60-64,2.891340228219956
North Dakota,Female,65-69,2.3368203569350605
North Dakota,Female,70-74,1.5978563314611856
North Dakota,Female,75-79,1.4519369934547393
North Dakota,Female,80-84,1.0536273357318988
North Dakota,Female,85+,1.5177722101502336
Ohio,Male,0-4,3.0594936119237777
Ohio,Male,5-9,3.165086914291456
Ohio,Male,10-14,3.1941199064297314
Ohio,Male,15-19,3.401828062522187
Ohio,Male,20-24,3.4117037570603257
Ohio,Male,25-29,3.3768503904601648
Ohio,Male,30-34,3.1225620186298477
Ohio,Male,35-39,2.99905126174267
Ohio,Male,40-44,2.9141995009115003
Ohio,Male,45-49,3.179474260039694
Ohio,Male,50-54,3.3874321067525552
Ohio,Male,55-59,3.5354039344181554
Ohio,Male,60-64,3.179448429975514
Ohio,Male,65-69,2.6121771704766155
Ohio,Male,70-74,1.7261801390397915
Ohio,Male,75-79,1.2153647898168933
Ohio,Male,80-84,0.7986914145085576
Ohio,Male,85+,0.7257300932215627
Ohio,Female,0-4,2.905055658191794
Ohio,Female,5-9,2.9629666620832653
Ohio,Female,10-14,3.1805074626068923
Ohio,Female,15-19,3.229352113971198
Ohio,Female,20-24,3.280771161732106
Ohio,Female,25-29,3.2976123635774393
Ohio,Female,30-34,3.1255152559677564
Ohio,Female,35-39,3.082361828744436
Ohio,Female,40-44,2.891520704561495
Ohio,Female,45-49,3.2471834682767637
Ohio,Female,50-54,3.5017818008772403
Ohio,Female,55-59,3.733262226036653
Ohio,Female,60-64,3.4063052736467134
Ohio,Female,65-69,2.8920545258878807
Ohio,Female,70-74,2.0740938835010723
Ohio,Female,75-79,1.5739033006775311
Ohio,Female,80-84,1.1689051143785376
Ohio,Female,85+,1.4420494330602263
Oklahoma,Male,0-4,3.4613199590881853
Oklahoma,Male,5-9,3.5576100384319242
Oklahoma,Male,10-14,3.5448919998949933
Oklahoma,Male,15-19,3.522081089092281
Oklahoma,Male,20-24,3.7178471291767856
Oklahoma,Male,25-29,3.4558912171876517
Oklahoma,Male,30-34,3.401603798182314
Oklahoma,Male,35-39,3.155093039205966
Oklahoma,Male,40-44,2.9671770108837356
Oklahoma,Male,45-49,2.9453091209745432
Oklahoma,Male,50-54,3.156061547150663
Oklahoma,Male,55-59,3.170028451195228
Oklahoma,Male,60-64,2.822053741486369
Oklahoma,Male,65-69,2.3814845748543223
Oklahoma,Male,70-74,1.7231540429726977
Oklahoma,Male,75-79,1.1548437758454628
Oklahoma,Male,80-84,0.7868872180144516
Oklahoma,Male,85+,0.6049606467186314
Oklahoma,Female,0-4,3.269708308345404
Oklahoma,Female,5-9,3.3650043926932702
Oklahoma,Female,10-14,3.3511394368534093
Oklahoma,Female,15-19,3.2512811703450004
Oklahoma,Female,20-24,3.415698137482761
Oklahoma,Female,25-29,3.463588306642869
Oklahoma,Female,30-34,3.3595756507927366
Oklahoma,Female,35-39,3.0830411455308075
Oklahoma,Female,40-44,2.9670750626790308
Oklahoma,Female,45-49,2.9739565664966086
Oklahoma,Female,50-54,3.1791273284651367
Oklahoma,Female,55-59,3.383813836461317
Oklahoma,Female,60-64,3.0661942047033297
Oklahoma,Female,65-69,2.6294480957477147
Oklahoma,Female,70-74,2.017758867518563
Oklahoma,Female,75-79,1.4562026689530252
Oklahoma,Female,80-84,1.141565022182655
Oklahoma,Female,85+,1.097523397750156
Oregon,Male,0-4,2.9626001443764634
Oregon,Male,5-9,3.0390634828928547
Oregon,Male,10-14,2.98954553171946
Oregon,Male,15-19,3.1056085736655867
Oregon,Male,20-24,3.313110042470132
Oregon,Male,25-29,3.5783376674773084
Oregon,Male,30-34,3.4994802691607236
Oregon,Male,35-39,3.4023254137998005
Oregon,Male,40-44,3.1955568204442937
Oregon,Male,45-49,3.1830979378106328
Oregon,Male,50-54,3.11132500216809
Oregon,Male,55-59,3.1474313326240724
Oregon,Male,60-64,3.278078596006073
Oregon,Male,65-69,2.9234157370345173
Oregon,Male,70-74,1.9418756481367254
Oregon,Male,75-79,1.2842665077141249
Oregon,Male,80-84,0.7555213004141967
Oregon,Male,85+,0.7838102927470981
Oregon,Female,0-4,2.7680461418382714
Oregon,Female,5-9,2.8573348007128434
Oregon,Female,10-14,2.9415910481706815
Oregon,Female,15-19,3.032076736945351
Oregon,Female,20-24,3.173594986154761
Oregon,Female,25-29,3.4020811219834544
Oregon,Female,30-34,3.5188281810153503
Oregon,Female,35-39,3.5464820146257505
Oregon,Female,40-44,2.895248890609789
Oregon,Female,45-49,3.1559815461961933
Oregon,Female,50-54,3.128181137495985
Oregon,Female,55-59,3.367049675519395
Oregon,Female,60-64,3.578972826199809
Oregon,Female,65-69,3.2372574334946065
Oregon,Female,70-74,2.075796421857766
Oregon,Female,75-79,1.4668502112513482
Oregon,Female,80-84,0.9729898753256715
Oregon,Female,85+,1.3871866499408203
Pennsylvania,Male,0-4,2.8485883424942315
Pennsylvania,Male,5-9,2.9108995013933967
Pennsylvania,Male,10-14,3.034989913742927
Pennsylvania,Male,15-19,3.32141317578294
Pennsylvania,Male,20-24,3.316563449632113
Pennsylvania,Male,25-29,3.4508148204815203
Pennsylvania,Male,30-34,3.199082744697822
Pennsylvania,Male,35-39,2.9887219618362533
Pennsylvania,Male,40-44,2.7853307047817593
Pennsylvania,Male,45-49,3.245014344629519
Pennsylvania,Male,50-54,3.47293582944045
Pennsylvania,Male,55-59,3.617825309265863
Pennsylvania,Male,60-64,3.248307465128709
Pennsylvania,Male,65-69,2.6890010635762334
Pennsylvania,Male,70-74,1.8410968453548269
Pennsylvania,Male,75-79,1.241913179420234
Pennsylvania,Male,80-84,0.9022055068327557
Pennsylvania,Male,85+,0.8743352257434103
Pennsylvania,Female,0-4,2.7031200243863003
Pennsylvania,Female,5-9,2.807076251070949
Pennsylvania,Female,10-14,2.893260578054504
Pennsylvania,Female,15-19,3.1929345434808063
Pennsylvania,Female,20-24,3.1822260352542235
Pennsylvania,Female,25-29,3.319269909709832
Pennsylvania,Female,30-34,3.125429484316885
Pennsylvania,Female,35-39,2.9725457784815617
Pennsylvania,Female,40-44,2.840844424930815
Pennsylvania,Female,45-49,3.290633059003098
Pennsylvania,Female,50-54,3.5833766093170905
Pennsylvania,Female,55-59,3.7519906365867874
Pennsylvania,Female,60-64,3.517881839864076
Pennsylvania,Female,65-69,2.9777318566073645
Pennsylvania,Female,70-74,2.188290304920274
Pennsylvania,Female,75-79,1.6292342118142926
Pennsylvania,Female,80-84,1.3006339765399972
Pennsylvania,Female,85+,1.734481091426177
Rhode Island,Male,0-4,2.560993387137386
Rhode Island,Male,5-9,2.5889177282649234
Rhode Island,Male,10-14,3.065240726752276
Rhode Island,Male,15-19,3.468960438308031
Rhode Island,Male,20-24,3.765715724527795
Rhode Island,Male,25-29,3.643321917484045
Rhode Island,Male,30-34,3.2285271282607586
Rhode Island,Male,35-39,2.8534890281004066
Rhode Island,Male,40-44,2.892583105678959
Rhode Island,Male,45-49,3.138695942735222
Rhode Island,Male,50-54,3.5333284110765923
Rhode Island,Male,55-59,3.512503478710293
Rhode Island,Male,60-64,3.09543687868341
Rhode Island,Male,65-69,2.48517170156736
Rhode Island,Male,70-74,1.8154608084238744
Rhode Island,Male,75-79,1.224506023138393
Rhode Island,Male,80-84,0.8150121257901642
Rhode Island,Male,85+,0.7166616497511421
Rhode Island,Female,0-4,2.564211785775814
Rhode Island,Female,5-9,2.2863882562526863
Rhode Island,Female,10-14,3.0255786964728246
Rhode Island,Female,15-19,3.5371147624159196
Rhode Island,Female,20-24,3.653071772182813
Rhode Island,Female,25-29,3.483916526098373
Rhode Island,Female,30-34,3.160751439286803
Rhode Island,Female,35-39,2.8672145517054672
Rhode Island,Female,40-44,3.0328674228010293
Rhode Island,Female,45-49,3.434031347202738
Rhode Island,Female,50-54,3.7740456974743144
Rhode Island,Female,55-59,3.9564531732463983
Rhode Island,Female,60-64,3.400806114200143
Rhode Island,Female,65-69,2.7673495351307142
Rhode Island,Female,70-74,2.118368915570045
Rhode Island,Female,75-79,1.3211526410747179
Rhode Island,Female,80-84,1.3028834958624647
Rhode Island,Female,85+,1.909267662855704
South Carolina,Male,0-4,2.981887755564823
South Carolina,Male,5-9,3.2033498894100303
South Carolina,Male,10-14,3.2548100539414593
South Carolina,Male,15-19,3.4083439643354656
South Carolina,Male,20-24,3.3763148999247954
South Carolina,Male,25-29,3.345797591228914
South Carolina,Male,30-34,3.071847298966221
South Carolina,Male,35-39,3.071706201766174
South Carolina,Male,40-44,2.9146045478852654
South Carolina,Male,45-49,3.021072463692163
South Carolina,Male,50-54,3.2359030291351605
South Carolina,Male,55-59,3.1548124525938603
South Carolina,Male,60-64,3.0421362599848947
South Carolina,Male,65-69,2.853670714207823
South Carolina,Male,70-74,1.9679229625413137
South Carolina,Male,75-79,1.228251126409183
South Carolina,Male,80-84,0.7869192414050137
South Carolina,Male,85+,0.5645298973880691
South Carolina,Female,0-4,2.8638095558683436
South Carolina,Female,5-9,3.044474442157102
South Carolina,Female,10-14,3.0869043858855227
South Carolina,Female,15-19,3.2586801485713206
South Carolina,Female,20-24,3.2207854719872677
South Carolina,Female,25-29,3.4601871069813077
South Carolina,Female,30-34,3.1635403222539114
South Carolina,Female,35-39,3.312196300874863
South Carolina,Female,40-44,3.027905599523011
South Carolina,Female,45-49,3.2338671981059117
South Carolina,Female,50-54,3.479295699216246
South Carolina,Female,55-59,3.5470626687245357
South Carolina,Female,60-64,3.485645073218361
South Carolina,Female,65-69,3.2142950007851048
South Carolina,Female,70-74,2.3410645864370516
South Carolina,Female,75-79,1.5339684454253164
South Carolina,Female,80-84,1.0555078400659206
South Carolina,Female,85+,1.1869298035382745
South Dakota,Male,0-4,3.6053909277673912
South Dakota,Male,5-9,3.753290180645072
South Dakota,Male,10-14,3.376031539515676
South Dakota,Male,15-19,3.6954014886984172
South Dakota,Male,20-24,3.544498032246659
South Dakota,Male,25-29,3.376493724680919
South Dakota,Male,30-34,3.384466418781357
South Dakota,Male,35-39,3.109697338044541
South Dakota,Male,40-44,2.7788883060220417
South Dakota,Male,45-49,2.717302132753445
South Dakota,Male,50-54,3.0905166536869664
South Dakota,Male,55-59,3.608741770215401
South Dakota,Male,60-64,3.116167930357939
South Dakota,Male,65-69,2.655253774319606
South Dakota,Male,70-74,1.722101925694491
South Dakota,Male,75-79,1.1741814122992094
South Dakota,Male,80-84,0.8613976017211776
South Dakota,Male,85+,0.7700004852944236
South Dakota,Female,0-4,3.43045384272301
South Dakota,Female,5-9,3.3773025487200936
South Dakota,Female,10-14,3.3405588280832945
South Dakota,Female,15-19,3.165159557873671
South Dakota,Female,20-24,3.324960078756352
South Dakota,Female,25-29,3.1013780050701714
South Dakota,Female,30-34,3.025232999096428
South Dakota,Female,35-39,2.945274965509432
South Dakota,Female,40-44,2.566167583719065
South Dakota,Female,45-49,2.792753860979324
South Dakota,Female,50-54,3.17347889084804
South Dakota,Female,55-59,3.3625126234323255
South Dakota,Female,60-64,3.3422920224529555
South Dakota,Female,65-69,2.8218715263896175
South Dakota,Female,70-74,1.7227952034423553
South Dakota,Female,75-79,1.4607362147497152
South Dakota,Female,80-84,1.1026582579778936
South Dakota,Female,85+,1.6045913474315214
Tennessee,Male,0-4,3.0947225415466755
Tennessee,Male,5-9,3.165085847744029
Tennessee,Male,10-14,3.3419713813790426
Tennessee,Male,15-19,3.3404829268248677
Tennessee,Male,20-24,3.42736958206301
Tennessee,Male,25-29,3.4537708567815044
Tennessee,Male,30-34,3.162169078213626
Tennessee,Male,35-39,3.193095856172591
Tennessee,Male,40-44,2.9936579808076567
Tennessee,Male,45-49,3.2408316461675906
Tennessee,Male,50-54,3.3271770452042144
Tennessee,Male,55-59,3.209799623947219
Tennessee,Male,60-64,2.948102250513216
Tennessee,Male,65-69,2.63406840937131
Tennessee,Male,70-74,1.7696070810744657
Tennessee,Male,75-79,1.2529930716199227
Tennessee,Male,80-84,0.731417546984797
Tennessee,Male,85+,0.5328516955000862
Tennessee,Female,0-4,2.9819006933191243
Tennessee,Female,5-9,3.0619765413548303
Tennessee,Female,10-14,3.0803642173119594
Tennessee,Female,15-19,3.127633925577874
Tennessee,Female,20-24,3.312548092868739
Tennessee,Female,25-29,3.4791196888859353
Tennessee,Female,30-34,3.226292903199034
Tennessee,Female,35-39,3.2289240097341922
Tennessee,Female,40-44,3.1820151389359563
Tennessee,Female,45-49,3.3535783199227085
Tennessee,Female,50-54,3.518511112440864
Tennessee,Female,55-59,3.4739176153935665
Tennessee,Female,60-64,3.3596824870842736
Tennessee,Female,65-69,2.899810169422212
Tennessee,Female,70-74,2.1439909886856405
Tennessee,Female,75-79,1.576378617132503
Tennessee,Female,80-84,1.069296730782473
Tennessee,Female,85+,1.1048843260322885
Texas,Male,0-4,3.685600580792974
Texas,Male,5-9,3.7153393746943033
Texas,Male,10-14,3.7646958668172914
Texas,Male,15-19,3.710278826854468
Texas,Male,20-24,3.6862753205049525
Texas,Male,25-29,3.728364004560092
Texas,Male,30-34,3.642395704980254
Texas,Male,35-39,3.4366144489910417
Texas,Male,40-44,3.282572808362868
Texas,Male,45-49,3.1531842905090395
Texas,Male,50-54,3.0747457989915943
Texas,Male,55-59,2.9481495550522285
Texas,Male,60-64,2.4700498115825242
Texas,Male,65-69,1.998876917283659
Texas,Male,70-74,1.3739064371460579
Texas,Male,75-79,0.9189667753858972
Texas,Male,80-84,0.579034344107778
Texas,Male,85+,0.47080681211470754
Texas,Female,0-4,3.517285324023648
Texas,Female,5-9,3.5748930214542827
Texas,Female,10-14,3.5981966648046724
Texas,Female,15-19,3.4883863657212704
Texas,Female,20-24,3.462839571732655
Texas,Female,25-29,3.6103742809894674
Texas,Female,30-34,3.596079130602188
Texas,Female,35-39,3.4073494085045057
Texas,Female,40-44,3.3281966978238495
Texas,Female,45-49,3.19781401560716
Texas,Female,50-54,3.138282592189184
Texas,Female,55-59,3.0403771421729693
Texas,Female,60-64,2.7081683271723853
Texas,Female,65-69,2.2483403915414057
Texas,Female,70-74,1.5989751995829822
Texas,Female,75-79,1.1683728249873055
Texas,Female,80-84,0.7993404491096235
Texas,Female,85+,0.8768709132487152
Utah,Male,0-4,4.300316889949158
Utah,Male,5-9,4.5339285930826945
Utah,Male,10-14,4.244961928305984
Utah,Male,15-19,3.9697602628721587
Utah,Male,20-24,4.294614247364248
Utah,Male,25-29,3.7816713789940213
Utah,Male,30-34,3.668437872494811
Utah,Male,35-39,3.8229663770226767
Utah,Male,40-44,3.037968128782712
Utah,Male,45-49,2.743003857149459
Utah,Male,50-54,2.44433614521681
Utah,Male,55-59,2.522272260543908
Utah,Male,60-64,2.2099050968842926
Utah,Male,65-69,1.7704411059587044
Utah,Male,70-74,1.2119098707171598
Utah,Male,75-79,0.8322253055092442
Utah,Male,80-84,0.5047494163804148
Utah,Male,85+,0.5174001062526854
Utah,Female,0-4,4.005287070699986
Utah,Female,5-9,4.2709187842097105
Utah,Female,10-14,4.026491724449621
Utah,Female,15-19,3.8871702668148482
Utah,Female,20-24,4.022853831766144
Utah,Female,25-29,3.591747161870165
Utah,Female,30-34,3.641923861855777
Utah,Female,35-39,3.6118375061491856
Utah,Female,40-44,2.9653413703450133
Utah,Female,45-49,2.5942435428224213
Utah,Female,50-54,2.4717678224787027
Utah,Female,55-59,2.5054920708687716
Utah,Female,60-64,2.359878042105822
Utah,Female,65-69,1.9309344435351534
Utah,Female,70-74,1.3232752701626926
Utah,Female,75-79,0.9645003944327787
Utah,Female,80-84,0.7593035827999123
Utah,Female,85+,0.6561644091521515
Vermont,Male,0-4,2.6196217062603866
Vermont,Male,5-9,2.63835387467699
Vermont,Male,10-14,2.785009141938603
Vermont,Male,15-19,3.4968315417695335
Vermont,Male,20-24,3.7092895544946
Vermont,Male,25-29,3.0198817151621693
Vermont,Male,30-34,2.747865013112518
Vermont,Male,35-39,2.6527632349974546
Vermont,Male,40-44,2.97729405021502
Vermont,Male,45-49,3.1851090468368253
Vermont,Male,50-54,3.6167494404365077
Vermont,Male,55-59,3.7983073804743563
Vermont,Male,60-64,3.778134276025706
Vermont,Male,65-69,3.1023352769959365
Vermont,Male,70-74,2.228007313550883
Vermont,Male,75-79,1.417240639519432
Vermont,Male,80-84,0.7672183850629369
Vermont,Male,85+,0.7518484007211084
Vermont,Female,0-4,2.2577866582131754
Vermont,Female,5-9,2.657886563111397
Vermont,Female,10-14,2.654684483040183
Vermont,Female,15-19,3.19071268696145
Vermont,Female,20-24,3.6140276723759754
Vermont,Female,25-29,2.943512105463709
Vermont,Female,30-34,2.79781746222346
Vermont,Female,35-39,2.860097919608578
Vermont,Female,40-44,2.800219022276871
Vermont,Female,45-49,3.289817065165532
Vermont,Female,50-54,3.7931840523604134
Vermont,Female,55-59,4.103305507257515
Vermont,Female,60-64,3.82392402104407
Vermont,Female,65-69,3.3031056974610706
Vermont,Female,70-74,2.409725357592292
Vermont,Female,75-79,1.5763840190587808
Vermont,Female,80-84,1.1084000166508163
Vermont,Female,85+,1.5235496978837453
Virginia,Male,0-4,3.053897568750975
Virginia,Male,5-9,3.1797682495843937
Virginia,Male,10-14,3.1704242417325736
Virginia,Male,15-19,3.4269089356295344
Virginia,Male,20-24,3.58351022752778
Virginia,Male,25-29,3.463452803487669
Virginia,Male,30-34,3.396737062947704
Virginia,Male,35-39,3.282219470534753
Virginia,Male,40-44,3.1988485709612013
Virginia,Male,45-49,3.291040404155682
Virginia,Male,50-54,3.478384195169457
Virginia,Male,55-59,3.3236849913835407
Virginia,Male,60-64,2.8740075855273917
Virginia,Male,65-69,2.3963694844199965
Virginia,Male,70-74,1.6713291601520148
Virginia,Male,75-79,1.0839881271660028
Virginia,Male,80-84,0.7170040019933883
Virginia,Male,85+,0.571280276487528
Virginia,Female,0-4,2.93508839003458
Virginia,Female,5-9,3.043768949552819
Virginia,Female,10-14,3.0550269335676705
Virginia,Female,15-19,3.2619860082398455
Virginia,Female,20-24,3.2760257961189794
Virginia,Female,25-29,3.435456444084316
Virginia,Female,30-34,3.4032636027831353
Virginia,Female,35-39,3.3168255861284517
Virginia,Female,40-44,3.2154442897412783
Virginia,Female,45-49,3.456141652305902
Virginia,Female,50-54,3.6237275030528515
Virginia,Female,55-59,3.478776500842625
Virginia,Female,60-64,3.176522811742731
Virginia,Female,65-69,2.7280342109567886
Virginia,Female,70-74,1.9715737686832606
Virginia,Female,75-79,1.3850411231449886
Virginia,Female,80-84,0.9848893365136246
Virginia,Female,85+,1.0895517348945674
Washington,Male,0-4,3.1644346871569704
Washington,Male,5-9,3.286169045005489
Washington,Male,10-14,3.0991904500548846
Washington,Male,15-19,3.1447173435784856
Washington,Male,20-24,3.4592892425905597
Washington,Male,25-29,3.914805159165752
Washington,Male,30-34,3.6966794731064763
Washington,Male,35-39,3.454034028540066
Washington,Male,40-44,3.077003293084523
Washington,Male,45-49,3.2794456641053786
Washington,Male,50-54,3.2818468715697033
Washington,Male,55-59,3.305255214050494
Washington,Male,60-64,3.0351811196487377
Washington,Male,65-69,2.5137349066959387
Washington,Male,70-74,1.7618688254665202
Washington,Male,75-79,1.088844676180022
Washington,Male,80-84,0.7208836443468716
Washington,Male,85+,0.6579720087815587
Washington,Female,0-4,3.009330406147091
Washington,Female,5-9,3.1103046103183316
Washington,Female,10-14,2.9738885839736553
Washington,Female,15-19,3.040477497255763
Washington,Female,20-24,3.1535400658616903
Washington,Female,25-29,3.632148737650933
Washington,Female,30-34,3.503937980241493
Washington,Female,35-39,3.4473518111964876
Washington,Female,40-44,2.9748765093304064
Washington,Female,45-49,3.2163419319429196
Washington,Female,50-54,3.274327661909989
Washington,Female,55-59,3.3685098792535673
Washington,Female,60-64,3.2943194291986826
Washington,Female,65-69,2.7487650933040615
Washington,Female,70-74,1.9572996706915475
Washington,Female,75-79,1.3051454445664106
Washington,Female,80-84,0.9154912184412732
Washington,Female,85+,1.1325878155872668
West Virginia,Male,0-4,2.801755445627824
West Virginia,Male,5-9,2.8454995953256565
West Virginia,Male,10-14,2.9810463862744947
West Virginia,Male,15-19,3.1043054947239423
West Virginia,Male,20-24,3.3356415972458113
West Virginia,Male,25-29,2.9860706831186903
West Virginia,Male,30-34,2.9104877827668805
West Virginia,Male,35-39,2.947623889876151
West Virginia,Male,40-44,3.1734441882538498
West Virginia,Male,45-49,3.2154407564406573
West Virginia,Male,50-54,3.4435001436293557
West Virginia,Male,55-59,3.5687252812787054
West Virginia,Male,60-64,3.4323593114965743
West Virginia,Male,65-69,3.1804891262201673
West Virginia,Male,70-74,2.160884538381805
West Virginia,Male,75-79,1.5106203805140292
West Virginia,Male,80-84,0.8325041423143004
West Virginia,Male,85+,0.7701919390618327
West Virginia,Female,0-4,2.7505294625859182
West Virginia,Female,5-9,2.770244366507163
West Virginia,Female,10-14,2.84844863912551
West Virginia,Female,15-19,3.0636742245926225
West Virginia,Female,20-24,2.9535219774758588
West Virginia,Female,25-29,3.047126812160109
West Virginia,Female,30-34,2.858169561280584
West Virginia,Female,35-39,2.9099962754669044
West Virginia,Female,40-44,3.1254949205451146
West Virginia,Female,45-49,3.1919576298862653
West Virginia,Female,50-54,3.4429540244071606
West Virginia,Female,55-59,3.8454438911649924
West Virginia,Female,60-64,3.672324097729127
West Virginia,Female,65-69,3.3575955899780565
West Virginia,Female,70-74,2.4439927431677755
West Virginia,Female,75-79,1.8251850524984408
West Virginia,Female,80-84,1.1723541342863477
West Virginia,Female,85+,1.5203959145913226
Wisconsin,Male,0-4,2.956681154908475
Wisconsin,Male,5-9,3.168614304682932
Wisconsin,Male,10-14,3.2566789571857657
Wisconsin,Male,15-19,3.351769400397217
Wisconsin,Male,20-24,3.573929747976581
Wisconsin,Male,25-29,3.2063043839030483
Wisconsin,Male,30-34,3.251781669573602
Wisconsin,Male,35-39,3.141739789977312
Wisconsin,Male,40-44,2.909629123044611
Wisconsin,Male,45-49,3.1632497846837415
Wisconsin,Male,50-54,3.570088059461032
Wisconsin,Male,55-59,3.6793512184122785
Wisconsin,Male,60-64,3.231067700415439
Wisconsin,Male,65-69,2.669558200629241
Wisconsin,Male,70-74,1.76572310528182
Wisconsin,Male,75-79,1.217417246654919
Wisconsin,Male,80-84,0.8404299299376383
Wisconsin,Male,85+,0.7616060957559898
Wisconsin,Female,0-4,2.824731267831621
Wisconsin,Female,5-9,3.0633831881826894
Wisconsin,Female,10-14,3.0714299681814743
Wisconsin,Female,15-19,3.236051512543719
Wisconsin,Female,20-24,3.4308528081272134
Wisconsin,Female,25-29,3.018252000576599
Wisconsin,Female,30-34,3.1566220067492585
Wisconsin,Female,35-39,3.0386025667670755
Wisconsin,Female,40-44,2.7761910142905624
Wisconsin,Female,45-49,3.174722935520719
Wisconsin,Female,50-54,3.6184898737763054
Wisconsin,Female,55-59,3.759247956593765
Wisconsin,Female,60-64,3.3243757385949007
Wisconsin,Female,65-69,2.7210922024279127
Wisconsin,Female,70-74,2.001779290149409
Wisconsin,Female,75-79,1.4492683400392719
Wisconsin,Female,80-84,1.166298562533604
Wisconsin,Female,85+,1.4529888942322584
Wyoming,Male,0-4,3.5067403813144638
Wyoming,Male,5-9,3.7465350187275517
Wyoming,Male,10-14,3.156954471469733
Wyoming,Male,15-19,3.1535385934439053
Wyoming,Male,20-24,3.5721544455090597
Wyoming,Male,25-29,3.5436318639934004
Wyoming,Male,30-34,3.5822312856852507
Wyoming,Male,35-39,3.02971301500766
Wyoming,Male,40-44,3.2807800499059776
Wyoming,Male,45-49,3.1543925629503624
Wyoming,Male,50-54,3.1021296291552023
Wyoming,Male,55-59,3.2580644610342255
Wyoming,Male,60-64,3.7938449293852616
Wyoming,Male,65-69,2.6674591503686584
Wyoming,Male,70-74,1.9602016051210844
Wyoming,Male,75-79,1.0486745539290283
Wyoming,Male,80-84,0.7320226609348234
Wyoming,Male,85+,0.642526656658144
Wyoming,Female,0-4,2.961737042293694
Wyoming,Female,5-9,3.7639559966592713
Wyoming,Female,10-14,3.2056307333377743
Wyoming,Female,15-19,3.245254918437372
Wyoming,Female,20-24,2.9422665375464776
Wyoming,Female,25-29,3.3755706651226896
Wyoming,Female,30-34,3.3284315483662708
Wyoming,Female,35-39,3.209217405264893
Wyoming,Female,40-44,2.7999952177707637
Wyoming,Female,45-49,2.5299700598291035
Wyoming,Female,50-54,3.0129752126811056
Wyoming,Female,55-59,3.4693365169316537
Wyoming,Female,60-64,3.316305181374583
Wyoming,Female,65-69,2.5615669315680076
Wyoming,Female,70-74,1.9726695599153545
Wyoming,Female,75-79,1.417930968520976
Wyoming,Female,80-84,0.915626104823049
Wyoming,Female,85+,1.0399640649631683
